Title,Media URL,Pinterest board,Thumbnail,Description,Link,Publish date,Keywords
Custom Cushion — built to your spec – Custom Patio Cushions Made to Your Measurements,https://cushionmill.com/wp-content/uploads/2026/09/wcc_measure.png,Outdoor Patio Cushions,,"Patio Cushions made to your exact measurements — send width, depth and thickness and we cut each cushion to your figures. Choose from 119 indoor & outdoor fabrics, high-density foam options included. Production runs 4-7 business days (3-5 rush). Free shipping over $158, free remake if the fit misses.",https://cushionmill.com/product/custom-cushion-built-to-your-spec/,2026-10-09T12:30:00,"""custom cushion, cushions"""
Sagging Daybed Cushions? Custom Replacements That Fit Your Guest Room,https://cushionmill.com/wp-content/uploads/2026/08/custom-daybed-cushions-a.webp,Custom Bench Cushions,,"Daybed Cushions that slide, sag or never quite fit? Replace them with custom-cut ones — measure width, depth and thickness, pick from 119 fabrics, and get cushions made for your guest room furniture instead of the other way around. High-density foam options hold shape season after season. Made in 4-7 business days.",https://cushionmill.com/product/custom-daybed-cushions/,2026-10-09T13:15:00,"""sagging daybed cushions custom replacements , custom sagging daybed cushions custom re"""
Sagging Patio Cushions? Custom Replacements That Fit Your Backyard,https://cushionmill.com/wp-content/uploads/2026/08/ZG-43.jpg,Outdoor Patio Cushions,,"Patio Cushions that slide, sag or never quite fit? Replace them with custom-cut ones — measure width, depth and thickness, pick from 119 fabrics, and get cushions made for your backyard furniture instead of the other way around. High-density foam options hold shape season after season. Made in 4-7 business days.",https://cushionmill.com/product/sydney/,2026-10-09T20:30:00,"""sagging patio cushions custom replacements t, custom sagging patio cushions custom rep"""
Custom Patio Cushions Replacement – Walnut Creek (Hampton Bay),https://cushionmill.com/wp-content/uploads/2026/09/cm-lowes-patio-furniture-model-identificati-42420537.png,Replacement Cushions by Brand,,"Custom patio cushions for Walnut Creek (Hampton Bay): measured, cut and sewn to your three numbers — no generic sizes, no guessing. 119 fabrics including solution-dyed outdoor options that shrug off UV and mildew. High-density foam choices for firm, lasting support. Made in 4-7 business days; free shipping on orders over $158.",https://cushionmill.com/product/walnut-creek/,2026-10-09T21:10:00,"""custom patio cushions replacement, patio cushions replacement"""
Custom Outdoor Cushions Replacement – Custom Patio Cushions,https://cushionmill.com/wp-content/uploads/2026/09/cm-small-patio-space-guide-25576577.png,Outdoor Patio Cushions,,"Custom outdoor cushions for Custom Patio Cushions: measured, cut and sewn to your three numbers — no generic sizes, no guessing. 119 fabrics including solution-dyed outdoor options that shrug off UV and mildew. High-density foam choices for firm, lasting support. Made in 4-7 business days; free shipping on orders over $158.",https://cushionmill.com/product/custom-patio-cushions/,2026-10-10T12:30:00,"""custom outdoor cushions replacement, outdoor cushions replacement"""
Custom Bench Cushions Made to Measure | 119 Fabrics,https://cushionmill.com/wp-content/uploads/2026/08/custom-bench-cushions.webp,Custom Bench Cushions,,"Tired of replacements that almost fit? These bench cushions are cut to YOUR measurements in your choice of 119 fabrics — indoor upholstery to marine-grade outdoor. Zipper covers come off for washing. Standard production 4-7 business days, rush 3-5. If the fit misses, the remake is on us. Tap the pin to see fabric options and start measuring.",https://cushionmill.com/product/custom-bench-cushions/,2026-10-10T13:15:00,"""custom bench cushions made to measure, bench cushions made to measure"""
"Custom Wicker & Rattan Cushions – Custom Rattan Cushions | Any Size, Any Fabric",https://cushionmill.com/wp-content/uploads/2026/09/custom-rattan-cushions.webp,Outdoor Patio Cushions,,"Wicker & Rattan Cushions made to your exact measurements — send width, depth and thickness and we cut each cushion to your figures. Choose from 119 indoor & outdoor fabrics, high-density foam options included. Production runs 4-7 business days (3-5 rush). Free shipping over $158, free remake if the fit misses.",https://cushionmill.com/product/custom-rattan-cushions/,2026-10-10T20:30:00,"""custom wicker & rattan cushions, wicker & rattan cushio"""
"Tobago (Hampton Bay) Cushions, Cut to Size in 119 Fabrics",https://cushionmill.com/wp-content/uploads/2026/09/cm-wicker-loveseat-cushions-73066388.png,Replacement Cushions by Brand,,"Tired of replacements that almost fit? These patio cushions are cut to YOUR measurements in your choice of 119 fabrics — indoor upholstery to marine-grade outdoor. Zipper covers come off for washing. Standard production 4-7 business days, rush 3-5. If the fit misses, the remake is on us. Tap the pin to see fabric options and start measuring.",https://cushionmill.com/product/tobago/,2026-10-10T21:10:00,"""tobago hampton bay cushions cut to size in 1, custom tobago hampton bay cushions cut t"""
Order Outdoor Cushions Custom-Fit for Custom Outdoor Seat Cushions,https://cushionmill.com/wp-content/uploads/2026/09/cm-re-slinging-patio-chairs-53828956.png,Outdoor Patio Cushions,,"Tired of replacements that almost fit? These outdoor cushions are cut to YOUR measurements in your choice of 119 fabrics — indoor upholstery to marine-grade outdoor. Zipper covers come off for washing. Standard production 4-7 business days, rush 3-5. If the fit misses, the remake is on us. Tap the pin to see fabric options and start measuring.",https://cushionmill.com/product/custom-outdoor-seat-cushions/,2026-10-11T12:30:00,"""order outdoor cushions custom-fit for custom, custom order outdoor cushions custom-fit"""
Custom Outdoor Bench Cushions Made to Measure | 119 Fabrics,https://cushionmill.com/wp-content/uploads/2026/08/custom-outdoor-bench-cushions.webp,Custom Bench Cushions,,"Tired of replacements that almost fit? These bench cushions are cut to YOUR measurements in your choice of 119 fabrics — indoor upholstery to marine-grade outdoor. Zipper covers come off for washing. Standard production 4-7 business days, rush 3-5. If the fit misses, the remake is on us. Tap the pin to see fabric options and start measuring.",https://cushionmill.com/product/custom-outdoor-bench-cushions/,2026-10-11T13:15:00,"""custom outdoor bench cushions made to measur, outdoor bench cushions made to measure"""
Custom Chair Cushions Made to Measure | 119 Fabrics,https://cushionmill.com/wp-content/uploads/2026/08/custom-chair-cushions.webp,Outdoor Patio Cushions,,"Chair Cushions made to your exact measurements — send width, depth and thickness and we cut each cushion to your figures. Choose from 119 indoor & outdoor fabrics, high-density foam options included. Production runs 4-7 business days (3-5 rush). Free shipping over $158, free remake if the fit misses.",https://cushionmill.com/product/custom-chair-cushions/,2026-10-11T20:30:00,"""custom chair cushions made to measure, chair cushions made to measure"""
Made-to-Measure Patio Cushions – OW Lee Classico Replacement Cushions — Custom Cut to Your…,https://cushionmill.com/wp-content/uploads/2026/10/cm-outdoor-rocker-iron.png,Replacement Cushions by Brand,,"Patio Cushions built to spec: three measurements is all it takes. High-density foam core options, 119 fabric choices, removable zippered covers. We make it in 4-7 business days and ship free over $158 — and a missed fit means a free remake, not a return-label headache. Tap through to start measuring.",https://cushionmill.com/product/ow-lee-classico-cushions/,2026-10-11T21:10:00,"""made-to-measure patio cushions, custom made-to-measure patio cushio"""
"Replace Worn Chair Cushions – Measured, Made & Shipped Fast",https://cushionmill.com/wp-content/uploads/2026/08/custom-wrought-iron-chair-cushions-a.webp,Outdoor Patio Cushions,,"The kitchen refresh that starts with fit: send three measurements, choose foam density and fabric, and get chair cushions made for your exact furniture. 119 indoor & outdoor fabrics, high-density foam for lasting support, removable covers for easy cleaning. Production in 4-7 business days, rush available.",https://cushionmill.com/product/custom-wrought-iron-chair-cushions/,2026-10-12T12:30:00,"""replace worn chair cushions, custom replace worn chair cushio"""
Made-to-Measure Indoor Cushions – Custom L-Shape Cushions,https://cushionmill.com/wp-content/uploads/2026/09/cm-mt-l-shaped-bench-cushion-16056270.png,Custom Bench Cushions,,"Indoor Cushions built to spec: three measurements is all it takes. High-density foam core options, 119 fabric choices, removable zippered covers. We make it in 4-7 business days and ship free over $158 — and a missed fit means a free remake, not a return-label headache. Tap through to start measuring.",https://cushionmill.com/product/custom-l-shaped-cushions/,2026-10-12T13:15:00,"""made-to-measure indoor cushions, custom made-to-measure indoor cushio"""
Custom Rocking Chair Cushions Made to Measure | 119 Fabrics,https://cushionmill.com/wp-content/uploads/2026/09/cm-rocking-chair-cushions-guide-19721209.png,Outdoor Patio Cushions,,"Tired of replacements that almost fit? These rocking chair cushions are cut to YOUR measurements in your choice of 119 fabrics — indoor upholstery to marine-grade outdoor. Zipper covers come off for washing. Standard production 4-7 business days, rush 3-5. If the fit misses, the remake is on us. Tap the pin to see fabric options and start measuring.",https://cushionmill.com/product/replacement-rocking-chair-cushions/,2026-10-12T20:30:00,"""custom rocking chair cushions made to measur, rocking chair cushions made to measure"""
Made-to-Measure Patio Cushions – Sunbrella Replacement Cushions — Custom Cut to Your Measurements,https://cushionmill.com/wp-content/uploads/2026/10/cm-tropitone-04-fabric.jpg,Sunbrella Cushions,,"Tired of replacements that almost fit? These patio cushions are cut to YOUR measurements in your choice of 119 fabrics — indoor upholstery to marine-grade outdoor. Zipper covers come off for washing. Standard production 4-7 business days, rush 3-5. If the fit misses, the remake is on us. Tap the pin to see fabric options and start measuring.",https://cushionmill.com/product/sunbrella-replacement-cushions/,2026-10-12T21:10:00,"""made-to-measure patio cushions, custom made-to-measure patio cushio"""
Custom Futon Cushions Made to Measure | 119 Fabrics,https://cushionmill.com/wp-content/uploads/2026/08/custom-futon-cushions.webp,Outdoor Patio Cushions,,"Custom futon cushions, measured, cut and sewn to your three numbers — no generic sizes, no guessing. 119 fabrics including solution-dyed outdoor options that shrug off UV and mildew. High-density foam choices for firm, lasting support. Made in 4-7 business days; free shipping on orders over $158. Pin this for your next furniture refresh.",https://cushionmill.com/product/custom-futon-cushions/,2026-10-13T12:30:00,"""custom futon cushions made to measure, futon cushions made to measure"""
Custom Patio Cushions – OW Lee Creighton Replacement Cushions — Custom Cut to Your Measurements…,https://cushionmill.com/wp-content/uploads/2026/09/cm-vintage-antique-furniture-cushions-25006349.png,Replacement Cushions by Brand,,"Patio Cushions made to your exact measurements — send width, depth and thickness and we cut each cushion to your figures. Choose from 119 indoor & outdoor fabrics, high-density foam options included. Production runs 4-7 business days (3-5 rush). Free shipping over $158, free remake if the fit misses.",https://cushionmill.com/product/ow-lee-creighton-cushions/,2026-10-13T13:15:00,"""custom patio cushions, patio cushio"""
"Massage Table Bolster — Firm Wedge, 4 Set Sizes – Custom Cushions Made to Your Measurements",https://cushionmill.com/wp-content/uploads/2026/09/01-massage-table-wedge.png,Outdoor Patio Cushions,,"Custom custom cushions for Massage Table Bolster — Firm Wedge, 4 Set Sizes: measured, cut and sewn to your three numbers — no generic sizes, no guessing. 119 fabrics including solution-dyed outdoor options that shrug off UV and mildew. High-density foam choices for firm, lasting support. Made in 4-7 business days; free shipping on orders over $158.",https://cushionmill.com/product/massage-table-bolster/,2026-10-13T20:30:00,"""massage table bolster, custom massage table bolster"""
Refresh Your Living Room – Custom Loveseat Cushions in 119 Fabrics,https://cushionmill.com/wp-content/uploads/2026/08/custom-loveseat-cushions-a.webp,Custom Bench Cushions,,"Your living room deserves better than flattened pads. Custom loveseat cushions cut to your measurements — solution-dyed outdoor fabrics resist sun and mildew, zipper covers pop off for washing. Three numbers, 119 fabric options, 4-7 business day production, free shipping over $158 and a free remake if the fit misses.",https://cushionmill.com/product/custom-loveseat-cushions/,2026-10-13T21:10:00,"""refresh your living room, custom refresh your living room"""
